k,inertia,silhouette
2,21052.334171058646,0.845641741403228
3,18292.44691356803,0.9367430818741896
4,15315.811576480244,0.6880542411189039
5,13369.588387998434,0.6819855822309792
