k,inertia,silhouette
2,7229.068490855221,0.6387998712389826
3,5812.548234984273,0.6323138051388293
4,4317.888356735383,0.443860066973373
5,3539.1387562363193,0.44695115906328514
